{"cameraMode":{"drawMode":0,"name":"Shaded","section":"Shading Mode"},"sceneLighting":true,"audioPlay":false,"sceneViewState":{"m_AlwaysRefresh":false,"showFog":true,"showSkybox":true,"showFlares":true,"showImageEffects":true,"showParticleSystems":true,"showVisualEffectGraphs":true,"m_FxEnabled":true},"in2DMode":false,"pivot":{"x":7.2659125328063969,"y":1.8407669067382813,"z":1.3237957954406739},"rotation":{"x":-0.3069678544998169,"y":-0.003421284258365631,"z":0.0010953499004244805,"w":-0.9517369866371155},"size":11.590263366699219,"orthographic":false}