{"cameraMode":{"drawMode":0,"name":"Shaded","section":"Shading Mode"},"sceneLighting":true,"audioPlay":false,"sceneViewState":{"m_AlwaysRefresh":false,"showFog":true,"showSkybox":true,"showFlares":true,"showImageEffects":true,"showParticleSystems":true,"showVisualEffectGraphs":true,"m_FxEnabled":true},"in2DMode":false,"pivot":{"x":-12.770000457763672,"y":-8.09000015258789,"z":0.7490148544311523},"rotation":{"x":0.30311694741249087,"y":0.04571797326207161,"z":-0.014565198682248593,"w":0.9517568349838257},"size":13.608617782592774,"orthographic":false}