{"cameraMode":{"drawMode":0,"name":"Shaded","section":"Shading Mode"},"sceneLighting":false,"audioPlay":false,"sceneViewState":{"m_AlwaysRefresh":false,"showFog":true,"showSkybox":false,"showFlares":true,"showImageEffects":true,"showParticleSystems":true,"showVisualEffectGraphs":true,"m_FxEnabled":true},"in2DMode":false,"pivot":{"x":2.0333058834075929,"y":2.975559711456299,"z":-1.0236917734146119},"rotation":{"x":0.4428923726081848,"y":0.024202635511755945,"z":-0.011961306445300579,"w":0.8961738348007202},"size":3.7319891452789308,"orthographic":false}