{"cameraMode":{"drawMode":0,"name":"Shaded","section":"Shading Mode"},"sceneLighting":false,"audioPlay":false,"sceneViewState":{"m_AlwaysRefresh":false,"showFog":false,"showSkybox":false,"showFlares":false,"showImageEffects":false,"showParticleSystems":false,"showVisualEffectGraphs":true,"m_FxEnabled":true},"in2DMode":false,"pivot":{"x":0.0005666017532348633,"y":0.8154854774475098,"z":-0.11107966303825379},"rotation":{"x":-0.3325366973876953,"y":-0.009049365296959877,"z":0.003182058222591877,"w":-0.943065881729126},"size":1.0987462997436524,"orthographic":false}